{
  "__inputs": [
    {
      "name": "DS_SIMPLEJSON",
      "label": "SimpleJson",
      "description": "",
      "type": "datasource",
      "pluginId": "grafana-simple-json-datasource",
      "pluginName": "SimpleJson"
    }
  ],
  "__requires": [
    {
      "type": "panel",
      "id": "bargauge",
      "name": "Bar gauge",
      "version": ""
    },
    {
      "type": "panel",
      "id": "gauge",
      "name": "Gauge",
      "version": ""
    },
    {
      "type": "grafana",
      "id": "grafana",
      "name": "Grafana",
      "version": "7.5.4"
    },
    {
      "type": "datasource",
      "id": "grafana-simple-json-datasource",
      "name": "SimpleJson",
      "version": "1.4.1"
    },
    {
      "type": "panel",
      "id": "graph",
      "name": "Graph",
      "version": ""
    },
    {
      "type": "panel",
      "id": "table",
      "name": "Table",
      "version": ""
    }
  ],
  "annotations": {
    "list": [
      {
        "builtIn": 1,
        "datasource": "-- Grafana --",
        "enable": true,
        "hide": true,
        "iconColor": "rgba(0, 211, 255, 1)",
        "name": "Annotations & Alerts",
        "type": "dashboard"
      }
    ]
  },
  "editable": true,
  "gnetId": null,
  "graphTooltip": 0,
  "id": null,
  "links": [],
  "panels": [
    {
      "collapsed": false,
      "datasource": null,
      "gridPos": {
        "h": 1,
        "w": 24,
        "x": 0,
        "y": 0
      },
      "id": 10,
      "panels": [],
      "title": "System Status",
      "type": "row"
    },
    {
      "datasource": "${DS_SIMPLEJSON}",
      "fieldConfig": {
        "defaults": {
          "color": {
            "mode": "thresholds"
          },
          "mappings": [],
          "thresholds": {
            "mode": "absolute",
            "steps": [
              {
                "color": "green",
                "value": null
              },
              {
                "color": "red",
                "value": 80
              }
            ]
          },
          "unit": "percent"
        },
        "overrides": []
      },
      "gridPos": {
        "h": 8,
        "w": 5,
        "x": 0,
        "y": 1
      },
      "id": 8,
      "interval": null,
      "maxDataPoints": 500,
      "options": {
        "reduceOptions": {
          "calcs": [
            "lastNotNull"
          ],
          "fields": "",
          "values": false
        },
        "showThresholdLabels": false,
        "showThresholdMarkers": true,
        "text": {}
      },
      "pluginVersion": "7.5.4",
      "targets": [
        {
          "queryType": "randomWalk",
          "refId": "A",
          "target": "SYSTEM_ASP_USED",
          "type": "timeserie"
        }
      ],
      "title": "System ASP Used",
      "transparent": true,
      "type": "gauge"
    },
    {
      "datasource": null,
      "fieldConfig": {
        "defaults": {
          "color": {
            "mode": "thresholds"
          },
          "mappings": [],
          "thresholds": {
            "mode": "percentage",
            "steps": [
              {
                "color": "green",
                "value": null
              },
              {
                "color": "blue",
                "value": 80
              }
            ]
          }
        },
        "overrides": []
      },
      "gridPos": {
        "h": 8,
        "w": 18,
        "x": 6,
        "y": 1
      },
      "id": 12,
      "options": {
        "displayMode": "gradient",
        "orientation": "horizontal",
        "reduceOptions": {
          "calcs": [
            "lastNotNull"
          ],
          "fields": "",
          "values": false
        },
        "showUnfilled": true,
        "text": {}
      },
      "pluginVersion": "7.5.4",
      "targets": [
        {
          "refId": "A",
          "target": "TOTAL_JOBS_IN_SYSTEM",
          "type": "timeserie"
        },
        {
          "hide": false,
          "refId": "B",
          "target": "ACTIVE_JOBS_IN_SYSTEM",
          "type": "timeserie"
        },
        {
          "hide": false,
          "refId": "C",
          "target": "INTERACTIVE_JOBS_IN_SYSTEM",
          "type": "timeserie"
        },
        {
          "hide": false,
          "refId": "D",
          "target": "TEMPORARY_JOB_STRUCTURES_AVAILABLE",
          "type": "timeserie"
        },
        {
          "hide": false,
          "refId": "E",
          "target": "PERMANENT_JOB_STRUCTURES_AVAILABLE",
          "type": "timeserie"
        }
      ],
      "timeFrom": null,
      "timeShift": null,
      "title": "Jobs in System",
      "transparent": true,
      "type": "bargauge"
    },
    {
      "aliasColors": {},
      "bars": false,
      "dashLength": 10,
      "dashes": false,
      "datasource": "${DS_SIMPLEJSON}",
      "fieldConfig": {
        "defaults": {
          "unit": "decmbytes"
        },
        "overrides": []
      },
      "fill": 1,
      "fillGradient": 0,
      "gridPos": {
        "h": 7,
        "w": 12,
        "x": 0,
        "y": 9
      },
      "hiddenSeries": false,
      "id": 6,
      "legend": {
        "avg": false,
        "current": false,
        "max": false,
        "min": false,
        "show": true,
        "total": false,
        "values": false
      },
      "lines": true,
      "linewidth": 1,
      "maxDataPoints": 500,
      "nullPointMode": "null",
      "options": {
        "alertThreshold": true
      },
      "percentage": false,
      "pluginVersion": "7.5.4",
      "pointradius": 2,
      "points": false,
      "renderer": "flot",
      "seriesOverrides": [],
      "spaceLength": 10,
      "stack": false,
      "steppedLine": false,
      "targets": [
        {
          "queryType": "randomWalk",
          "refId": "A",
          "target": "CURRENT_TEMPORARY_STORAGE",
          "type": "timeserie"
        },
        {
          "hide": false,
          "refId": "B",
          "target": "MAXIMUM_TEMPORARY_STORAGE_USED",
          "type": "timeserie"
        }
      ],
      "thresholds": [],
      "timeFrom": null,
      "timeRegions": [],
      "timeShift": null,
      "title": "Temp Storage Usage",
      "tooltip": {
        "shared": true,
        "sort": 0,
        "value_type": "individual"
      },
      "transparent": true,
      "type": "graph",
      "xaxis": {
        "buckets": null,
        "mode": "time",
        "name": null,
        "show": true,
        "values": []
      },
      "yaxes": [
        {
          "$$hashKey": "object:1776",
          "format": "decmbytes",
          "label": null,
          "logBase": 1,
          "max": null,
          "min": null,
          "show": true
        },
        {
          "$$hashKey": "object:1777",
          "format": "short",
          "label": null,
          "logBase": 1,
          "max": null,
          "min": null,
          "show": true
        }
      ],
      "yaxis": {
        "align": false,
        "alignLevel": null
      }
    },
    {
      "aliasColors": {},
      "bars": false,
      "dashLength": 10,
      "dashes": false,
      "datasource": "${DS_SIMPLEJSON}",
      "fieldConfig": {
        "defaults": {
          "unit": "percentunit"
        },
        "overrides": []
      },
      "fill": 1,
      "fillGradient": 0,
      "gridPos": {
        "h": 7,
        "w": 12,
        "x": 12,
        "y": 9
      },
      "hiddenSeries": false,
      "id": 2,
      "interval": null,
      "legend": {
        "avg": false,
        "current": false,
        "max": false,
        "min": false,
        "show": true,
        "total": false,
        "values": false
      },
      "lines": true,
      "linewidth": 1,
      "maxDataPoints": 500,
      "nullPointMode": "null",
      "options": {
        "alertThreshold": false
      },
      "percentage": false,
      "pluginVersion": "7.5.4",
      "pointradius": 2,
      "points": false,
      "renderer": "flot",
      "seriesOverrides": [],
      "spaceLength": 10,
      "stack": false,
      "steppedLine": false,
      "targets": [
        {
          "queryType": "randomWalk",
          "refId": "CPU Usage",
          "target": "AVERAGE_CPU_UTILIZATION",
          "type": "timeserie"
        },
        {
          "hide": false,
          "refId": "A",
          "target": "ELAPSED_CPU_USED",
          "type": "timeserie"
        },
        {
          "hide": false,
          "refId": "B",
          "target": "CONFIGURED_CPUS",
          "type": "timeserie"
        }
      ],
      "thresholds": [],
      "timeFrom": null,
      "timeRegions": [],
      "timeShift": null,
      "title": "CPU Usage",
      "tooltip": {
        "shared": true,
        "sort": 0,
        "value_type": "individual"
      },
      "transparent": true,
      "type": "graph",
      "xaxis": {
        "buckets": null,
        "mode": "time",
        "name": null,
        "show": true,
        "values": []
      },
      "yaxes": [
        {
          "$$hashKey": "object:1542",
          "format": "percentunit",
          "label": null,
          "logBase": 1,
          "max": null,
          "min": null,
          "show": true
        },
        {
          "$$hashKey": "object:1543",
          "format": "short",
          "label": null,
          "logBase": 1,
          "max": null,
          "min": null,
          "show": false
        }
      ],
      "yaxis": {
        "align": false,
        "alignLevel": null
      }
    },
    {
      "collapsed": false,
      "datasource": null,
      "gridPos": {
        "h": 1,
        "w": 24,
        "x": 0,
        "y": 16
      },
      "id": 14,
      "panels": [],
      "title": "HTTP Servers",
      "type": "row"
    },
    {
      "datasource": null,
      "fieldConfig": {
        "defaults": {
          "color": {
            "mode": "thresholds"
          },
          "custom": {
            "align": null,
            "displayMode": "color-text",
            "filterable": false
          },
          "mappings": [],
          "thresholds": {
            "mode": "absolute",
            "steps": [
              {
                "color": "green",
                "value": null
              },
              {
                "color": "purple",
                "value": 80
              }
            ]
          }
        },
        "overrides": []
      },
      "gridPos": {
        "h": 7,
        "w": 24,
        "x": 0,
        "y": 17
      },
      "id": 16,
      "maxDataPoints": 500,
      "options": {
        "showHeader": true,
        "sortBy": [
          {
            "desc": false,
            "displayName": "SERVER_NAME"
          }
        ]
      },
      "pluginVersion": "7.5.4",
      "targets": [
        {
          "refId": "A",
          "target": "HTTP",
          "type": "table"
        }
      ],
      "timeFrom": null,
      "timeShift": null,
      "title": "HTTP Server Status",
      "transparent": true,
      "type": "table"
    }
  ],
  "refresh": "10s",
  "schemaVersion": 27,
  "style": "dark",
  "tags": [],
  "templating": {
    "list": []
  },
  "time": {
    "from": "now-30m",
    "to": "now"
  },
  "timepicker": {},
  "timezone": "",
  "title": "SysStatus",
  "uid": "luXjh4jMz",
  "version": 7
}